Domain,Unique Similar Site,fetched_at,title,category,category_rank,total_visits
telegram.com,sentinelandenterprise.com,2024-02-12 09:35:07.454239,telegram.com,News and Media100%,1M,1M
sentinelandenterprise.com,lowellsun.com,2024-02-12 09:35:08.969847,sentinelandenterprise.com,News and Media100%,"96,983","96,983"
lowellsun.com,bostonherald.com,2024-02-12 09:35:10.514719,lowellsun.com,News and Media100%,374K,374K
bostonherald.com,usatoday.com,2024-02-12 09:35:12.125640,bostonherald.com,News and Media100%,2M,2M
usatoday.com,nytimes.com,2024-02-12 09:35:13.992228,usatoday.com,News and Media100%,173M,173M
usatoday.com,forbes.com,2024-02-12 09:35:13.992228,usatoday.com,News and Media100%,173M,173M
usatoday.com,washingtonpost.com,2024-02-12 09:35:13.992228,usatoday.com,News and Media100%,173M,173M
usatoday.com,latimes.com,2024-02-12 09:35:13.992228,usatoday.com,News and Media100%,173M,173M
usatoday.com,cbsnews.com,2024-02-12 09:35:13.992228,usatoday.com,News and Media100%,173M,173M
usatoday.com,nbcnews.com,2024-02-12 09:35:13.992228,usatoday.com,News and Media100%,173M,173M
usatoday.com,cnn.com,2024-02-12 09:35:13.992228,usatoday.com,News and Media100%,173M,173M
usatoday.com,foxnews.com,2024-02-12 09:35:13.992228,usatoday.com,News and Media100%,173M,173M
usatoday.com,nypost.com,2024-02-12 09:35:13.992228,usatoday.com,News and Media100%,173M,173M
usatoday.com,reuters.com,2024-02-12 09:35:13.992228,usatoday.com,News and Media100%,173M,173M
bostonherald.com,nbcboston.com,2024-02-12 09:35:12.125640,bostonherald.com,News and Media100%,2M,2M
nbcboston.com,bostonglobe.com,2024-02-12 09:35:15.642105,nbcboston.com,News and Media100%,2M,2M
nbcboston.com,boston25news.com,2024-02-12 09:35:15.642105,nbcboston.com,News and Media100%,2M,2M
nbcboston.com,wwlp.com,2024-02-12 09:35:15.642105,nbcboston.com,News and Media100%,2M,2M
nbcboston.com,universalhub.com,2024-02-12 09:35:15.642105,nbcboston.com,News and Media100%,2M,2M
nbcboston.com,wmur.com,2024-02-12 09:35:15.642105,nbcboston.com,News and Media100%,2M,2M
nbcboston.com,wcvb.com,2024-02-12 09:35:15.642105,nbcboston.com,News and Media100%,2M,2M
nbcboston.com,boston.com,2024-02-12 09:35:15.642105,nbcboston.com,News and Media100%,2M,2M
nbcboston.com,patriotledger.com,2024-02-12 09:35:15.642105,nbcboston.com,News and Media100%,2M,2M
bostonherald.com,miamiherald.com,2024-02-12 09:35:12.125640,bostonherald.com,News and Media100%,2M,2M
miamiherald.com,miaminewtimes.com,2024-02-12 09:35:17.291385,miamiherald.com,News and Media100%,9M,9M
miamiherald.com,tampabay.com,2024-02-12 09:35:17.291385,miamiherald.com,News and Media100%,9M,9M
miamiherald.com,latimes.com,2024-02-12 09:35:17.291385,miamiherald.com,News and Media100%,9M,9M
miamiherald.com,dallasnews.com,2024-02-12 09:35:17.291385,miamiherald.com,News and Media100%,9M,9M
miamiherald.com,sun-sentinel.com,2024-02-12 09:35:17.291385,miamiherald.com,News and Media100%,9M,9M
miamiherald.com,nbcmiami.com,2024-02-12 09:35:17.291385,miamiherald.com,News and Media100%,9M,9M
miamiherald.com,palmbeachpost.com,2024-02-12 09:35:17.291385,miamiherald.com,News and Media100%,9M,9M
miamiherald.com,washingtonpost.com,2024-02-12 09:35:17.291385,miamiherald.com,News and Media100%,9M,9M
miamiherald.com,nypost.com,2024-02-12 09:35:17.291385,miamiherald.com,News and Media100%,9M,9M
bostonherald.com,boston25news.com,2024-02-12 09:35:12.125640,bostonherald.com,News and Media100%,2M,2M
boston25news.com,capecodtimes.com,2024-02-12 09:35:19.128962,boston25news.com,News and Media100%,3M,3M
boston25news.com,bostonglobe.com,2024-02-12 09:35:19.128962,boston25news.com,News and Media100%,3M,3M
boston25news.com,wwlp.com,2024-02-12 09:35:19.128962,boston25news.com,News and Media100%,3M,3M
boston25news.com,wmur.com,2024-02-12 09:35:19.128962,boston25news.com,News and Media100%,3M,3M
boston25news.com,wcvb.com,2024-02-12 09:35:19.128962,boston25news.com,News and Media100%,3M,3M
boston25news.com,boston.com,2024-02-12 09:35:19.128962,boston25news.com,News and Media100%,3M,3M
boston25news.com,patriotledger.com,2024-02-12 09:35:19.128962,boston25news.com,News and Media100%,3M,3M
bostonherald.com,nydailynews.com,2024-02-12 09:35:12.125640,bostonherald.com,News and Media100%,2M,2M
nydailynews.com,nytimes.com,2024-02-12 09:35:20.671691,nydailynews.com,News and Media100%,10M,10M
nydailynews.com,newsday.com,2024-02-12 09:35:20.671691,nydailynews.com,News and Media100%,10M,10M
nydailynews.com,amny.com,2024-02-12 09:35:20.671691,nydailynews.com,News and Media100%,10M,10M
nydailynews.com,latimes.com,2024-02-12 09:35:20.671691,nydailynews.com,News and Media100%,10M,10M
nydailynews.com,cbsnews.com,2024-02-12 09:35:20.671691,nydailynews.com,News and Media100%,10M,10M
nydailynews.com,gothamist.com,2024-02-12 09:35:20.671691,nydailynews.com,News and Media100%,10M,10M
nydailynews.com,cnn.com,2024-02-12 09:35:20.671691,nydailynews.com,News and Media100%,10M,10M
nydailynews.com,washingtonpost.com,2024-02-12 09:35:20.671691,nydailynews.com,News and Media100%,10M,10M
nydailynews.com,nypost.com,2024-02-12 09:35:20.671691,nydailynews.com,News and Media100%,10M,10M
bostonherald.com,wcvb.com,2024-02-12 09:35:12.125640,bostonherald.com,News and Media100%,2M,2M
wcvb.com,wwlp.com,2024-02-12 09:35:22.297467,wcvb.com,News and Media95%,8M,8M
wcvb.com,wmur.com,2024-02-12 09:35:22.297467,wcvb.com,News and Media95%,8M,8M
wcvb.com,cbsnews.com,2024-02-12 09:35:22.297467,wcvb.com,News and Media95%,8M,8M
wcvb.com,wpri.com,2024-02-12 09:35:22.297467,wcvb.com,News and Media95%,8M,8M
wcvb.com,boston.com,2024-02-12 09:35:22.297467,wcvb.com,News and Media95%,8M,8M
wcvb.com,bostonglobe.com,2024-02-12 09:35:22.297467,wcvb.com,News and Media95%,8M,8M
bostonherald.com,boston.com,2024-02-12 09:35:12.125640,bostonherald.com,News and Media100%,2M,2M
boston.com,sfgate.com,2024-02-12 09:35:24.141939,boston.com,News and Media100%,8M,8M
boston.com,bostonmagazine.com,2024-02-12 09:35:24.141939,boston.com,News and Media100%,8M,8M
boston.com,cnn.com,2024-02-12 09:35:24.141939,boston.com,News and Media100%,8M,8M
boston.com,nypost.com,2024-02-12 09:35:24.141939,boston.com,News and Media100%,8M,8M
boston.com,bostonglobe.com,2024-02-12 09:35:24.141939,boston.com,News and Media100%,8M,8M
bostonherald.com,nypost.com,2024-02-12 09:35:12.125640,bostonherald.com,News and Media100%,2M,2M
nypost.com,nytimes.com,2024-02-12 09:35:25.865994,nypost.com,News and Media100%,159M,159M
nypost.com,washingtonpost.com,2024-02-12 09:35:25.865994,nypost.com,News and Media100%,159M,159M
nypost.com,dailymail.co.uk,2024-02-12 09:35:25.865994,nypost.com,News and Media100%,159M,159M
nypost.com,sfgate.com,2024-02-12 09:35:25.865994,nypost.com,News and Media100%,159M,159M
nypost.com,latimes.com,2024-02-12 09:35:25.865994,nypost.com,News and Media100%,159M,159M
nypost.com,cbsnews.com,2024-02-12 09:35:25.865994,nypost.com,News and Media100%,159M,159M
nypost.com,cnn.com,2024-02-12 09:35:25.865994,nypost.com,News and Media100%,159M,159M
nypost.com,foxnews.com,2024-02-12 09:35:25.865994,nypost.com,News and Media100%,159M,159M
bostonherald.com,bostonglobe.com,2024-02-12 09:35:12.125640,bostonherald.com,News and Media100%,2M,2M
bostonglobe.com,nytimes.com,2024-02-12 09:35:27.406706,bostonglobe.com,News and Media100%,10M,10M
bostonglobe.com,theatlantic.com,2024-02-12 09:35:27.406706,bostonglobe.com,News and Media100%,10M,10M
bostonglobe.com,politico.com,2024-02-12 09:35:27.406706,bostonglobe.com,News and Media100%,10M,10M
bostonglobe.com,washingtonpost.com,2024-02-12 09:35:27.406706,bostonglobe.com,News and Media100%,10M,10M
bostonglobe.com,wsj.com,2024-02-12 09:35:27.406706,bostonglobe.com,News and Media100%,10M,10M
lowellsun.com,nashuatelegraph.com,2024-02-12 09:35:10.514719,lowellsun.com,News and Media100%,374K,374K
nashuatelegraph.com,unionleader.com,2024-02-12 09:35:29.154081,nashuatelegraph.com,News and Media100%,149K,149K
unionleader.com,fosters.com,2024-02-12 09:35:30.833125,unionleader.com,News and Media100%,668K,668K
unionleader.com,wmur.com,2024-02-12 09:35:30.833125,unionleader.com,News and Media100%,668K,668K
unionleader.com,concordmonitor.com,2024-02-12 09:35:30.833125,unionleader.com,News and Media100%,668K,668K
unionleader.com,seacoastonline.com,2024-02-12 09:35:30.833125,unionleader.com,News and Media100%,668K,668K
unionleader.com,eagletribune.com,2024-02-12 09:35:30.833125,unionleader.com,News and Media100%,668K,668K
unionleader.com,reuters.com,2024-02-12 09:35:30.833125,unionleader.com,News and Media100%,668K,668K
nashuatelegraph.com,yahoo.com,2024-02-12 09:35:29.154081,nashuatelegraph.com,News and Media100%,149K,149K
yahoo.com,nytimes.com,2024-02-12 09:35:32.405164,yahoo.com,News and Media100%,3B,3B
yahoo.com,bbc.com,2024-02-12 09:35:32.405164,yahoo.com,News and Media100%,3B,3B
yahoo.com,foxnews.com,2024-02-12 09:35:32.405164,yahoo.com,News and Media100%,3B,3B
yahoo.com,forbes.com,2024-02-12 09:35:32.405164,yahoo.com,News and Media100%,3B,3B
yahoo.com,dailymail.co.uk,2024-02-12 09:35:32.405164,yahoo.com,News and Media100%,3B,3B
yahoo.com,msn.com,2024-02-12 09:35:32.405164,yahoo.com,News and Media100%,3B,3B
yahoo.com,cnn.com,2024-02-12 09:35:32.405164,yahoo.com,News and Media100%,3B,3B
yahoo.com,washingtonpost.com,2024-02-12 09:35:32.405164,yahoo.com,News and Media100%,3B,3B
yahoo.com,cnbc.com,2024-02-12 09:35:32.405164,yahoo.com,News and Media100%,3B,3B
nashuatelegraph.com,fosters.com,2024-02-12 09:35:29.154081,nashuatelegraph.com,News and Media100%,149K,149K
fosters.com,sentinelsource.com,2024-02-12 09:35:34.072353,fosters.com,News and Media100%,531K,531K
fosters.com,wmur.com,2024-02-12 09:35:34.072353,fosters.com,News and Media100%,531K,531K
fosters.com,concordmonitor.com,2024-02-12 09:35:34.072353,fosters.com,News and Media100%,531K,531K
fosters.com,seacoastonline.com,2024-02-12 09:35:34.072353,fosters.com,News and Media100%,531K,531K
fosters.com,laconiadailysun.com,2024-02-12 09:35:34.072353,fosters.com,News and Media100%,531K,531K
nashuatelegraph.com,wmur.com,2024-02-12 09:35:29.154081,nashuatelegraph.com,News and Media100%,149K,149K
wmur.com,concordmonitor.com,2024-02-12 09:35:35.780758,wmur.com,News and Media100%,5M,5M
wmur.com,newscentermaine.com,2024-02-12 09:35:35.780758,wmur.com,News and Media100%,5M,5M
wmur.com,seacoastonline.com,2024-02-12 09:35:35.780758,wmur.com,News and Media100%,5M,5M
nashuatelegraph.com,concordmonitor.com,2024-02-12 09:35:29.154081,nashuatelegraph.com,News and Media100%,149K,149K
concordmonitor.com,vnews.com,2024-02-12 09:35:37.701567,concordmonitor.com,News and Media100%,117K,117K
concordmonitor.com,patch.com,2024-02-12 09:35:37.701567,concordmonitor.com,News and Media100%,117K,117K
concordmonitor.com,seacoastonline.com,2024-02-12 09:35:37.701567,concordmonitor.com,News and Media100%,117K,117K
concordmonitor.com,nbcnews.com,2024-02-12 09:35:37.701567,concordmonitor.com,News and Media100%,117K,117K
concordmonitor.com,washingtonpost.com,2024-02-12 09:35:37.701567,concordmonitor.com,News and Media100%,117K,117K
concordmonitor.com,laconiadailysun.com,2024-02-12 09:35:37.701567,concordmonitor.com,News and Media100%,117K,117K
nashuatelegraph.com,msn.com,2024-02-12 09:35:29.154081,nashuatelegraph.com,News and Media100%,149K,149K
msn.com,nytimes.com,2024-02-12 09:35:39.491036,msn.com,News and Media100%,699M,699M
msn.com,bbc.com,2024-02-12 09:35:39.491036,msn.com,News and Media100%,699M,699M
msn.com,theguardian.com,2024-02-12 09:35:39.491036,msn.com,News and Media100%,699M,699M
msn.com,dailymail.co.uk,2024-02-12 09:35:39.491036,msn.com,News and Media100%,699M,699M
msn.com,newsweek.com,2024-02-12 09:35:39.491036,msn.com,News and Media100%,699M,699M
msn.com,cnn.com,2024-02-12 09:35:39.491036,msn.com,News and Media100%,699M,699M
msn.com,foxnews.com,2024-02-12 09:35:39.491036,msn.com,News and Media100%,699M,699M
msn.com,cnbc.com,2024-02-12 09:35:39.491036,msn.com,News and Media100%,699M,699M
nashuatelegraph.com,cnn.com,2024-02-12 09:35:29.154081,nashuatelegraph.com,News and Media100%,149K,149K
cnn.com,nytimes.com,2024-02-12 09:35:40.961335,cnn.com,News and Media100%,537M,537M
cnn.com,bbc.com,2024-02-12 09:35:40.961335,cnn.com,News and Media100%,537M,537M
cnn.com,washingtonpost.com,2024-02-12 09:35:40.961335,cnn.com,News and Media100%,537M,537M
cnn.com,msnbc.com,2024-02-12 09:35:40.961335,cnn.com,News and Media100%,537M,537M
cnn.com,latimes.com,2024-02-12 09:35:40.961335,cnn.com,News and Media100%,537M,537M
cnn.com,cbsnews.com,2024-02-12 09:35:40.961335,cnn.com,News and Media100%,537M,537M
cnn.com,nbcnews.com,2024-02-12 09:35:40.961335,cnn.com,News and Media100%,537M,537M
cnn.com,foxnews.com,2024-02-12 09:35:40.961335,cnn.com,News and Media100%,537M,537M
cnn.com,reuters.com,2024-02-12 09:35:40.961335,cnn.com,News and Media100%,537M,537M
lowellsun.com,wcvb.com,2024-02-12 09:35:10.514719,lowellsun.com,News and Media100%,374K,374K
wcvb.com,wpri.com,2024-02-12 09:35:42.674671,wcvb.com,News and Media95%,8M,8M
wpri.com,abc6.com,2024-02-12 09:35:44.661675,wpri.com,News and Media95%,2M,2M
wpri.com,turnto10.com,2024-02-12 09:35:44.661675,wpri.com,News and Media95%,2M,2M
wpri.com,golocalprov.com,2024-02-12 09:35:44.661675,wpri.com,News and Media95%,2M,2M
wpri.com,providencejournal.com,2024-02-12 09:35:44.661675,wpri.com,News and Media95%,2M,2M
wcvb.com,cbsnews.com,2024-02-12 09:35:42.674671,wcvb.com,News and Media95%,8M,8M
cbsnews.com,nbcnews.com,2024-02-12 09:35:46.355586,cbsnews.com,News and Media100%,86M,86M
cbsnews.com,nytimes.com,2024-02-12 09:35:46.355586,cbsnews.com,News and Media100%,86M,86M
cbsnews.com,washingtonpost.com,2024-02-12 09:35:46.355586,cbsnews.com,News and Media100%,86M,86M
cbsnews.com,msnbc.com,2024-02-12 09:35:46.355586,cbsnews.com,News and Media100%,86M,86M
cbsnews.com,latimes.com,2024-02-12 09:35:46.355586,cbsnews.com,News and Media100%,86M,86M
cbsnews.com,time.com,2024-02-12 09:35:46.355586,cbsnews.com,News and Media100%,86M,86M
cbsnews.com,foxnews.com,2024-02-12 09:35:46.355586,cbsnews.com,News and Media100%,86M,86M
cbsnews.com,reuters.com,2024-02-12 09:35:46.355586,cbsnews.com,News and Media100%,86M,86M
wcvb.com,wwlp.com,2024-02-12 09:35:42.674671,wcvb.com,News and Media95%,8M,8M
wwlp.com,aawsat.com,2024-02-12 09:35:47.995917,wwlp.com,News and Media95%,3M,3M
wwlp.com,gazettenet.com,2024-02-12 09:35:47.995917,wwlp.com,News and Media95%,3M,3M
wwlp.com,berkshireeagle.com,2024-02-12 09:35:47.995917,wwlp.com,News and Media95%,3M,3M
wwlp.com,wtnh.com,2024-02-12 09:35:47.995917,wwlp.com,News and Media95%,3M,3M
wwlp.com,westernmassnews.com,2024-02-12 09:35:47.995917,wwlp.com,News and Media95%,3M,3M
lowellsun.com,metrowestdailynews.com,2024-02-12 09:35:10.514719,lowellsun.com,News and Media100%,374K,374K
metrowestdailynews.com,wickedlocal.com,2024-02-12 09:35:49.813776,metrowestdailynews.com,News and Media100%,349K,349K
wickedlocal.com,capecodtimes.com,2024-02-12 09:35:51.329278,wickedlocal.com,News and Media100%,449K,449K
wickedlocal.com,salemnews.com,2024-02-12 09:35:51.329278,wickedlocal.com,News and Media100%,449K,449K
wickedlocal.com,tauntongazette.com,2024-02-12 09:35:51.329278,wickedlocal.com,News and Media100%,449K,449K
wickedlocal.com,enterprisenews.com,2024-02-12 09:35:51.329278,wickedlocal.com,News and Media100%,449K,449K
wickedlocal.com,patriotledger.com,2024-02-12 09:35:51.329278,wickedlocal.com,News and Media100%,449K,449K
metrowestdailynews.com,tauntongazette.com,2024-02-12 09:35:49.813776,metrowestdailynews.com,News and Media100%,349K,349K
tauntongazette.com,patriotledger.com,2024-02-12 09:35:53.096119,tauntongazette.com,News and Media100%,135K,135K
tauntongazette.com,milforddailynews.com,2024-02-12 09:35:53.096119,tauntongazette.com,News and Media100%,135K,135K
tauntongazette.com,southcoasttoday.com,2024-02-12 09:35:53.096119,tauntongazette.com,News and Media100%,135K,135K
tauntongazette.com,heraldnews.com,2024-02-12 09:35:53.096119,tauntongazette.com,News and Media100%,135K,135K
tauntongazette.com,enterprisenews.com,2024-02-12 09:35:53.096119,tauntongazette.com,News and Media100%,135K,135K
tauntongazette.com,thesunchronicle.com,2024-02-12 09:35:53.096119,tauntongazette.com,News and Media100%,135K,135K
metrowestdailynews.com,milforddailynews.com,2024-02-12 09:35:49.813776,metrowestdailynews.com,News and Media100%,349K,349K
milforddailynews.com,heraldnews.com,2024-02-12 09:35:54.759496,milforddailynews.com,News and Media100%,"96,358","96,358"
milforddailynews.com,patriotledger.com,2024-02-12 09:35:54.759496,milforddailynews.com,News and Media100%,"96,358","96,358"
milforddailynews.com,enterprisenews.com,2024-02-12 09:35:54.759496,milforddailynews.com,News and Media100%,"96,358","96,358"
metrowestdailynews.com,enterprisenews.com,2024-02-12 09:35:49.813776,metrowestdailynews.com,News and Media100%,349K,349K
enterprisenews.com,patriotledger.com,2024-02-12 09:35:56.368765,enterprisenews.com,News and Media100%,481K,481K
enterprisenews.com,southcoasttoday.com,2024-02-12 09:35:56.368765,enterprisenews.com,News and Media100%,481K,481K
enterprisenews.com,universalhub.com,2024-02-12 09:35:56.368765,enterprisenews.com,News and Media100%,481K,481K
metrowestdailynews.com,patriotledger.com,2024-02-12 09:35:49.813776,metrowestdailynews.com,News and Media100%,349K,349K
lowellsun.com,boston.com,2024-02-12 09:35:10.514719,lowellsun.com,News and Media100%,374K,374K
boston.com,bostonmagazine.com,2024-02-12 09:35:59.443052,boston.com,News and Media100%,8M,8M
bostonmagazine.com,thrillist.com,2024-02-12 09:36:01.072387,bostonmagazine.com,News and Media100%,989K,989K
bostonmagazine.com,phillymag.com,2024-02-12 09:36:01.072387,bostonmagazine.com,News and Media100%,989K,989K
bostonmagazine.com,newsweek.com,2024-02-12 09:36:01.072387,bostonmagazine.com,News and Media100%,989K,989K
bostonmagazine.com,universalhub.com,2024-02-12 09:36:01.072387,bostonmagazine.com,News and Media100%,989K,989K
boston.com,sfgate.com,2024-02-12 09:35:59.443052,boston.com,News and Media100%,8M,8M
sfgate.com,nytimes.com,2024-02-12 09:36:02.645595,sfgate.com,News and Media100%,28M,28M
sfgate.com,sfchronicle.com,2024-02-12 09:36:02.645595,sfgate.com,News and Media100%,28M,28M
sfgate.com,kron4.com,2024-02-12 09:36:02.645595,sfgate.com,News and Media100%,28M,28M
sfgate.com,sfist.com,2024-02-12 09:36:02.645595,sfgate.com,News and Media100%,28M,28M
sfgate.com,latimes.com,2024-02-12 09:36:02.645595,sfgate.com,News and Media100%,28M,28M
sfgate.com,mercurynews.com,2024-02-12 09:36:02.645595,sfgate.com,News and Media100%,28M,28M
sfgate.com,washingtonpost.com,2024-02-12 09:36:02.645595,sfgate.com,News and Media100%,28M,28M
lowellsun.com,eagletribune.com,2024-02-12 09:35:10.514719,lowellsun.com,News and Media100%,374K,374K
eagletribune.com,newburyportnews.com,2024-02-12 09:36:04.281120,eagletribune.com,News and Media100%,429K,429K
newburyportnews.com,gloucestertimes.com,2024-02-12 09:36:06.015712,newburyportnews.com,News and Media100%,162K,162K
newburyportnews.com,washingtonpost.com,2024-02-12 09:36:06.015712,newburyportnews.com,News and Media100%,162K,162K
newburyportnews.com,salemnews.com,2024-02-12 09:36:06.015712,newburyportnews.com,News and Media100%,162K,162K
newburyportnews.com,theguardian.com,2024-02-12 09:36:06.015712,newburyportnews.com,News and Media100%,162K,162K
eagletribune.com,salemnews.com,2024-02-12 09:36:04.281120,eagletribune.com,News and Media100%,429K,429K
salemnews.com,itemlive.com,2024-02-12 09:36:07.611883,salemnews.com,News and Media100%,252K,252K
salemnews.com,gloucestertimes.com,2024-02-12 09:36:07.611883,salemnews.com,News and Media100%,252K,252K
salemnews.com,universalhub.com,2024-02-12 09:36:07.611883,salemnews.com,News and Media100%,252K,252K
eagletribune.com,gloucestertimes.com,2024-02-12 09:36:04.281120,eagletribune.com,News and Media100%,429K,429K
gloucestertimes.com,southcoasttoday.com,2024-02-12 09:36:09.386868,gloucestertimes.com,News and Media100%,130K,130K
gloucestertimes.com,dailymail.co.uk,2024-02-12 09:36:09.386868,gloucestertimes.com,News and Media100%,130K,130K
gloucestertimes.com,washingtonpost.com,2024-02-12 09:36:09.386868,gloucestertimes.com,News and Media100%,130K,130K
lowellsun.com,bostonglobe.com,2024-02-12 09:35:10.514719,lowellsun.com,News and Media100%,374K,374K
bostonglobe.com,nytimes.com,2024-02-12 09:36:11.043889,bostonglobe.com,News and Media100%,10M,10M
nytimes.com,theguardian.com,2024-02-12 09:36:12.588841,nytimes.com,News and Media100%,636M,636M
nytimes.com,washingtonpost.com,2024-02-12 09:36:12.588841,nytimes.com,News and Media100%,636M,636M
nytimes.com,latimes.com,2024-02-12 09:36:12.588841,nytimes.com,News and Media100%,636M,636M
nytimes.com,nbcnews.com,2024-02-12 09:36:12.588841,nytimes.com,News and Media100%,636M,636M
nytimes.com,foxnews.com,2024-02-12 09:36:12.588841,nytimes.com,News and Media100%,636M,636M
nytimes.com,reuters.com,2024-02-12 09:36:12.588841,nytimes.com,News and Media100%,636M,636M
bostonglobe.com,theatlantic.com,2024-02-12 09:36:11.043889,bostonglobe.com,News and Media100%,10M,10M
theatlantic.com,newrepublic.com,2024-02-12 09:36:14.078630,theatlantic.com,News and Media100%,31M,31M
theatlantic.com,thedailybeast.com,2024-02-12 09:36:14.078630,theatlantic.com,News and Media100%,31M,31M
theatlantic.com,politico.com,2024-02-12 09:36:14.078630,theatlantic.com,News and Media100%,31M,31M
theatlantic.com,newsweek.com,2024-02-12 09:36:14.078630,theatlantic.com,News and Media100%,31M,31M
theatlantic.com,latimes.com,2024-02-12 09:36:14.078630,theatlantic.com,News and Media100%,31M,31M
theatlantic.com,newyorker.com,2024-02-12 09:36:14.078630,theatlantic.com,News and Media100%,31M,31M
theatlantic.com,time.com,2024-02-12 09:36:14.078630,theatlantic.com,News and Media100%,31M,31M
theatlantic.com,washingtonpost.com,2024-02-12 09:36:14.078630,theatlantic.com,News and Media100%,31M,31M
theatlantic.com,economist.com,2024-02-12 09:36:14.078630,theatlantic.com,News and Media100%,31M,31M
bostonglobe.com,politico.com,2024-02-12 09:36:11.043889,bostonglobe.com,News and Media100%,10M,10M
politico.com,washingtonpost.com,2024-02-12 09:36:15.650493,politico.com,News and Media100%,59M,59M
politico.com,realclearpolitics.com,2024-02-12 09:36:15.650493,politico.com,News and Media100%,59M,59M
politico.com,dailykos.com,2024-02-12 09:36:15.650493,politico.com,News and Media100%,59M,59M
politico.com,msnbc.com,2024-02-12 09:36:15.650493,politico.com,News and Media100%,59M,59M
politico.com,thedailybeast.com,2024-02-12 09:36:15.650493,politico.com,News and Media100%,59M,59M
politico.com,newsweek.com,2024-02-12 09:36:15.650493,politico.com,News and Media100%,59M,59M
politico.com,foxnews.com,2024-02-12 09:36:15.650493,politico.com,News and Media100%,59M,59M
politico.com,thehill.com,2024-02-12 09:36:15.650493,politico.com,News and Media100%,59M,59M
bostonglobe.com,washingtonpost.com,2024-02-12 09:36:11.043889,bostonglobe.com,News and Media100%,10M,10M
washingtonpost.com,independent.co.uk,2024-02-12 09:36:17.157172,washingtonpost.com,News and Media100%,141M,141M
washingtonpost.com,wsj.com,2024-02-12 09:36:17.157172,washingtonpost.com,News and Media100%,141M,141M
washingtonpost.com,latimes.com,2024-02-12 09:36:17.157172,washingtonpost.com,News and Media100%,141M,141M
washingtonpost.com,time.com,2024-02-12 09:36:17.157172,washingtonpost.com,News and Media100%,141M,141M
washingtonpost.com,foxnews.com,2024-02-12 09:36:17.157172,washingtonpost.com,News and Media100%,141M,141M
washingtonpost.com,reuters.com,2024-02-12 09:36:17.157172,washingtonpost.com,News and Media100%,141M,141M
bostonglobe.com,wsj.com,2024-02-12 09:36:11.043889,bostonglobe.com,News and Media100%,10M,10M
wsj.com,apnews.com,2024-02-12 09:36:18.683821,wsj.com,News and Media100%,97M,97M
wsj.com,bbc.com,2024-02-12 09:36:18.683821,wsj.com,News and Media100%,97M,97M
wsj.com,forbes.com,2024-02-12 09:36:18.683821,wsj.com,News and Media100%,97M,97M
wsj.com,economist.com,2024-02-12 09:36:18.683821,wsj.com,News and Media100%,97M,97M
wsj.com,bloomberg.com,2024-02-12 09:36:18.683821,wsj.com,News and Media100%,97M,97M
wsj.com,cnbc.com,2024-02-12 09:36:18.683821,wsj.com,News and Media100%,97M,97M
wsj.com,reuters.com,2024-02-12 09:36:18.683821,wsj.com,News and Media100%,97M,97M
lowellsun.com,berkshireeagle.com,2024-02-12 09:35:10.514719,lowellsun.com,News and Media100%,374K,374K
berkshireeagle.com,apnews.com,2024-02-12 09:36:20.187828,berkshireeagle.com,News and Media100%,868K,868K
apnews.com,bbc.com,2024-02-12 09:36:21.759830,apnews.com,News and Media100%,98M,98M
apnews.com,theguardian.com,2024-02-12 09:36:21.759830,apnews.com,News and Media100%,98M,98M
apnews.com,aljazeera.com,2024-02-12 09:36:21.759830,apnews.com,News and Media100%,98M,98M
apnews.com,nbcnews.com,2024-02-12 09:36:21.759830,apnews.com,News and Media100%,98M,98M
apnews.com,thehill.com,2024-02-12 09:36:21.759830,apnews.com,News and Media100%,98M,98M
apnews.com,reuters.com,2024-02-12 09:36:21.759830,apnews.com,News and Media100%,98M,98M
berkshireeagle.com,gazettenet.com,2024-02-12 09:36:20.187828,berkshireeagle.com,News and Media100%,868K,868K
gazettenet.com,westernmassnews.com,2024-02-12 09:36:23.262382,gazettenet.com,News and Media100%,261K,261K
gazettenet.com,huffpost.com,2024-02-12 09:36:23.262382,gazettenet.com,News and Media100%,261K,261K
gazettenet.com,recorder.com,2024-02-12 09:36:23.262382,gazettenet.com,News and Media100%,261K,261K
gazettenet.com,theguardian.com,2024-02-12 09:36:23.262382,gazettenet.com,News and Media100%,261K,261K
berkshireeagle.com,theberkshireedge.com,2024-02-12 09:36:20.187828,berkshireeagle.com,News and Media100%,868K,868K
theberkshireedge.com,theguardian.com,2024-02-12 09:36:24.745037,theberkshireedge.com,News and Media100%,162K,162K
theberkshireedge.com,iberkshires.com,2024-02-12 09:36:24.745037,theberkshireedge.com,News and Media100%,162K,162K
theberkshireedge.com,huffpost.com,2024-02-12 09:36:24.745037,theberkshireedge.com,News and Media100%,162K,162K
theberkshireedge.com,newyorker.com,2024-02-12 09:36:24.745037,theberkshireedge.com,News and Media100%,162K,162K
theberkshireedge.com,cnbc.com,2024-02-12 09:36:24.745037,theberkshireedge.com,News and Media100%,162K,162K
theberkshireedge.com,digg.com,2024-02-12 09:36:24.745037,theberkshireedge.com,News and Media100%,162K,162K
berkshireeagle.com,timesunion.com,2024-02-12 09:36:20.187828,berkshireeagle.com,News and Media100%,868K,868K
timesunion.com,syracuse.com,2024-02-12 09:36:26.206308,timesunion.com,News and Media100%,3M,3M
timesunion.com,poststar.com,2024-02-12 09:36:26.206308,timesunion.com,News and Media100%,3M,3M
timesunion.com,spectrumlocalnews.com,2024-02-12 09:36:26.206308,timesunion.com,News and Media100%,3M,3M
timesunion.com,troyrecord.com,2024-02-12 09:36:26.206308,timesunion.com,News and Media100%,3M,3M
timesunion.com,news10.com,2024-02-12 09:36:26.206308,timesunion.com,News and Media100%,3M,3M
timesunion.com,saratogian.com,2024-02-12 09:36:26.206308,timesunion.com,News and Media100%,3M,3M
timesunion.com,dailyfreeman.com,2024-02-12 09:36:26.206308,timesunion.com,News and Media100%,3M,3M
timesunion.com,dailygazette.com,2024-02-12 09:36:26.206308,timesunion.com,News and Media100%,3M,3M
timesunion.com,poughkeepsiejournal.com,2024-02-12 09:36:26.206308,timesunion.com,News and Media100%,3M,3M
berkshireeagle.com,iberkshires.com,2024-02-12 09:36:20.187828,berkshireeagle.com,News and Media100%,868K,868K
iberkshires.com,people.com,2024-02-12 09:36:27.726488,iberkshires.com,News and Media100%,312K,312K
iberkshires.com,newsandtribune.com,2024-02-12 09:36:27.726488,iberkshires.com,News and Media100%,312K,312K
iberkshires.com,madisoncourier.com,2024-02-12 09:36:27.726488,iberkshires.com,News and Media100%,312K,312K
berkshireeagle.com,benningtonbanner.com,2024-02-12 09:36:20.187828,berkshireeagle.com,News and Media100%,868K,868K
benningtonbanner.com,timesargus.com,2024-02-12 09:36:29.209755,benningtonbanner.com,News and Media100%,126K,126K
benningtonbanner.com,theguardian.com,2024-02-12 09:36:29.209755,benningtonbanner.com,News and Media100%,126K,126K
benningtonbanner.com,rutlandherald.com,2024-02-12 09:36:29.209755,benningtonbanner.com,News and Media100%,126K,126K
benningtonbanner.com,burlingtonfreepress.com,2024-02-12 09:36:29.209755,benningtonbanner.com,News and Media100%,126K,126K
benningtonbanner.com,wcax.com,2024-02-12 09:36:29.209755,benningtonbanner.com,News and Media100%,126K,126K
benningtonbanner.com,vnews.com,2024-02-12 09:36:29.209755,benningtonbanner.com,News and Media100%,126K,126K
benningtonbanner.com,reformer.com,2024-02-12 09:36:29.209755,benningtonbanner.com,News and Media100%,126K,126K
berkshireeagle.com,reuters.com,2024-02-12 09:36:20.187828,berkshireeagle.com,News and Media100%,868K,868K
reuters.com,forbes.com,2024-02-12 09:36:31.347222,reuters.com,News and Media100%,91M,91M
reuters.com,cnbc.com,2024-02-12 09:36:31.347222,reuters.com,News and Media100%,91M,91M
reuters.com,bloomberg.com,2024-02-12 09:36:31.347222,reuters.com,News and Media100%,91M,91M
reuters.com,foxnews.com,2024-02-12 09:36:31.347222,reuters.com,News and Media100%,91M,91M
reuters.com,economist.com,2024-02-12 09:36:31.347222,reuters.com,News and Media100%,91M,91M
sentinelandenterprise.com,bbc.com,2024-02-12 09:35:08.969847,sentinelandenterprise.com,News and Media100%,"96,983","96,983"
bbc.com,independent.co.uk,2024-02-12 09:36:32.905480,bbc.com,News and Media100%,481M,481M
independent.co.uk,thesun.co.uk,2024-02-12 09:36:34.405334,independent.co.uk,News and Media100%,100M,100M
thesun.co.uk,metro.co.uk,2024-02-12 09:36:35.980109,thesun.co.uk,News and Media100%,98M,98M
thesun.co.uk,dailymail.co.uk,2024-02-12 09:36:35.980109,thesun.co.uk,News and Media100%,98M,98M
thesun.co.uk,telegraph.co.uk,2024-02-12 09:36:35.980109,thesun.co.uk,News and Media100%,98M,98M
thesun.co.uk,mirror.co.uk,2024-02-12 09:36:35.980109,thesun.co.uk,News and Media100%,98M,98M
thesun.co.uk,bbc.co.uk,2024-02-12 09:36:35.980109,thesun.co.uk,News and Media100%,98M,98M
thesun.co.uk,thetimes.co.uk,2024-02-12 09:36:35.980109,thesun.co.uk,News and Media100%,98M,98M
thesun.co.uk,dailyrecord.co.uk,2024-02-12 09:36:35.980109,thesun.co.uk,News and Media100%,98M,98M
thesun.co.uk,express.co.uk,2024-02-12 09:36:35.980109,thesun.co.uk,News and Media100%,98M,98M
thesun.co.uk,dailystar.co.uk,2024-02-12 09:36:35.980109,thesun.co.uk,News and Media100%,98M,98M
independent.co.uk,theguardian.com,2024-02-12 09:36:34.405334,independent.co.uk,News and Media100%,100M,100M
theguardian.com,dailymail.co.uk,2024-02-12 09:36:37.629887,theguardian.com,News and Media100%,360M,360M
theguardian.com,telegraph.co.uk,2024-02-12 09:36:37.629887,theguardian.com,News and Media100%,360M,360M
theguardian.com,bbc.co.uk,2024-02-12 09:36:37.629887,theguardian.com,News and Media100%,360M,360M
theguardian.com,mirror.co.uk,2024-02-12 09:36:37.629887,theguardian.com,News and Media100%,360M,360M
theguardian.com,aljazeera.com,2024-02-12 09:36:37.629887,theguardian.com,News and Media100%,360M,360M
independent.co.uk,dailymail.co.uk,2024-02-12 09:36:34.405334,independent.co.uk,News and Media100%,100M,100M
dailymail.co.uk,telegraph.co.uk,2024-02-12 09:36:39.223976,dailymail.co.uk,News and Media100%,380M,380M
dailymail.co.uk,bbc.co.uk,2024-02-12 09:36:39.223976,dailymail.co.uk,News and Media100%,380M,380M
dailymail.co.uk,mirror.co.uk,2024-02-12 09:36:39.223976,dailymail.co.uk,News and Media100%,380M,380M
dailymail.co.uk,express.co.uk,2024-02-12 09:36:39.223976,dailymail.co.uk,News and Media100%,380M,380M
dailymail.co.uk,foxnews.com,2024-02-12 09:36:39.223976,dailymail.co.uk,News and Media100%,380M,380M
independent.co.uk,telegraph.co.uk,2024-02-12 09:36:34.405334,independent.co.uk,News and Media100%,100M,100M
telegraph.co.uk,metro.co.uk,2024-02-12 09:36:40.729259,telegraph.co.uk,News and Media100%,79M,79M
telegraph.co.uk,bbc.co.uk,2024-02-12 09:36:40.729259,telegraph.co.uk,News and Media100%,79M,79M
telegraph.co.uk,mirror.co.uk,2024-02-12 09:36:40.729259,telegraph.co.uk,News and Media100%,79M,79M
telegraph.co.uk,thetimes.co.uk,2024-02-12 09:36:40.729259,telegraph.co.uk,News and Media100%,79M,79M
telegraph.co.uk,express.co.uk,2024-02-12 09:36:40.729259,telegraph.co.uk,News and Media100%,79M,79M
independent.co.uk,mirror.co.uk,2024-02-12 09:36:34.405334,independent.co.uk,News and Media100%,100M,100M
mirror.co.uk,metro.co.uk,2024-02-12 09:36:42.238838,mirror.co.uk,News and Media100%,92M,92M
mirror.co.uk,dailyrecord.co.uk,2024-02-12 09:36:42.238838,mirror.co.uk,News and Media100%,92M,92M
mirror.co.uk,liverpoolecho.co.uk,2024-02-12 09:36:42.238838,mirror.co.uk,News and Media100%,92M,92M
mirror.co.uk,express.co.uk,2024-02-12 09:36:42.238838,mirror.co.uk,News and Media100%,92M,92M
mirror.co.uk,dailystar.co.uk,2024-02-12 09:36:42.238838,mirror.co.uk,News and Media100%,92M,92M
independent.co.uk,bbc.co.uk,2024-02-12 09:36:34.405334,independent.co.uk,News and Media100%,100M,100M
bbc.co.uk,aljazeera.com,2024-02-12 09:36:43.900212,bbc.co.uk,News and Media100%,582M,582M
bbc.co.uk,thetimes.co.uk,2024-02-12 09:36:43.900212,bbc.co.uk,News and Media100%,582M,582M
independent.co.uk,thetimes.co.uk,2024-02-12 09:36:34.405334,independent.co.uk,News and Media100%,100M,100M
thetimes.co.uk,express.co.uk,2024-02-12 09:36:45.454948,thetimes.co.uk,News and Media100%,31M,31M
thetimes.co.uk,standard.co.uk,2024-02-12 09:36:45.454948,thetimes.co.uk,News and Media100%,31M,31M
independent.co.uk,express.co.uk,2024-02-12 09:36:34.405334,independent.co.uk,News and Media100%,100M,100M
express.co.uk,standard.co.uk,2024-02-12 09:36:47.192420,express.co.uk,News and Media100%,74M,74M
express.co.uk,dailystar.co.uk,2024-02-12 09:36:47.192420,express.co.uk,News and Media100%,74M,74M
express.co.uk,metro.co.uk,2024-02-12 09:36:47.192420,express.co.uk,News and Media100%,74M,74M
express.co.uk,dailyrecord.co.uk,2024-02-12 09:36:47.192420,express.co.uk,News and Media100%,74M,74M
bbc.com,theguardian.com,2024-02-12 09:36:32.905480,bbc.com,News and Media100%,481M,481M
theguardian.com,aljazeera.com,2024-02-12 09:36:48.937110,theguardian.com,News and Media100%,360M,360M
aljazeera.com,haaretz.com,2024-02-12 09:36:50.654750,aljazeera.com,News and Media100%,57M,57M
aljazeera.com,nbcnews.com,2024-02-12 09:36:50.654750,aljazeera.com,News and Media100%,57M,57M
aljazeera.com,jpost.com,2024-02-12 09:36:50.654750,aljazeera.com,News and Media100%,57M,57M
aljazeera.com,foxnews.com,2024-02-12 09:36:50.654750,aljazeera.com,News and Media100%,57M,57M
bbc.com,telegraph.co.uk,2024-02-12 09:36:32.905480,bbc.com,News and Media100%,481M,481M
telegraph.co.uk,metro.co.uk,2024-02-12 09:36:52.467734,telegraph.co.uk,News and Media100%,79M,79M
metro.co.uk,dailyrecord.co.uk,2024-02-12 09:36:54.257462,metro.co.uk,News and Media100%,29M,29M
metro.co.uk,dailystar.co.uk,2024-02-12 09:36:54.257462,metro.co.uk,News and Media100%,29M,29M
metro.co.uk,manchestereveningnews.co.uk,2024-02-12 09:36:54.257462,metro.co.uk,News and Media100%,29M,29M
metro.co.uk,standard.co.uk,2024-02-12 09:36:54.257462,metro.co.uk,News and Media100%,29M,29M
bbc.com,aljazeera.com,2024-02-12 09:36:32.905480,bbc.com,News and Media100%,481M,481M
aljazeera.com,haaretz.com,2024-02-12 09:36:55.879702,aljazeera.com,News and Media100%,57M,57M
haaretz.com,middleeasteye.net,2024-02-12 09:36:57.525872,haaretz.com,News and Media100%,11M,11M
haaretz.com,ynetnews.com,2024-02-12 09:36:57.525872,haaretz.com,News and Media100%,11M,11M
haaretz.com,jpost.com,2024-02-12 09:36:57.525872,haaretz.com,News and Media100%,11M,11M
haaretz.com,israelnationalnews.com,2024-02-12 09:36:57.525872,haaretz.com,News and Media100%,11M,11M
haaretz.com,timesofisrael.com,2024-02-12 09:36:57.525872,haaretz.com,News and Media100%,11M,11M
aljazeera.com,nbcnews.com,2024-02-12 09:36:55.879702,aljazeera.com,News and Media100%,57M,57M
nbcnews.com,foxnews.com,2024-02-12 09:36:59.237617,nbcnews.com,News and Media100%,90M,90M
nbcnews.com,msnbc.com,2024-02-12 09:36:59.237617,nbcnews.com,News and Media100%,90M,90M
nbcnews.com,thedailybeast.com,2024-02-12 09:36:59.237617,nbcnews.com,News and Media100%,90M,90M
aljazeera.com,jpost.com,2024-02-12 09:36:55.879702,aljazeera.com,News and Media100%,57M,57M
jpost.com,ynetnews.com,2024-02-12 09:37:00.814993,jpost.com,News and Media100%,20M,20M
jpost.com,israelnationalnews.com,2024-02-12 09:37:00.814993,jpost.com,News and Media100%,20M,20M
jpost.com,foxnews.com,2024-02-12 09:37:00.814993,jpost.com,News and Media100%,20M,20M
jpost.com,timesofisrael.com,2024-02-12 09:37:00.814993,jpost.com,News and Media100%,20M,20M
aljazeera.com,foxnews.com,2024-02-12 09:36:55.879702,aljazeera.com,News and Media100%,57M,57M
foxnews.com,drudgereport.com,2024-02-12 09:37:02.444746,foxnews.com,News and Media100%,294M,294M
bbc.com,nbcnews.com,2024-02-12 09:36:32.905480,bbc.com,News and Media100%,481M,481M
nbcnews.com,msnbc.com,2024-02-12 09:37:04.243546,nbcnews.com,News and Media100%,90M,90M
msnbc.com,newsweek.com,2024-02-12 09:37:05.926563,msnbc.com,News and Media100%,21M,21M
msnbc.com,thehill.com,2024-02-12 09:37:05.926563,msnbc.com,News and Media100%,21M,21M
nbcnews.com,thedailybeast.com,2024-02-12 09:37:04.243546,nbcnews.com,News and Media100%,90M,90M
thedailybeast.com,newsweek.com,2024-02-12 09:37:07.635787,thedailybeast.com,News and Media100%,25M,25M
thedailybeast.com,rawstory.com,2024-02-12 09:37:07.635787,thedailybeast.com,News and Media100%,25M,25M
thedailybeast.com,dailykos.com,2024-02-12 09:37:07.635787,thedailybeast.com,News and Media100%,25M,25M
thedailybeast.com,newyorker.com,2024-02-12 09:37:07.635787,thedailybeast.com,News and Media100%,25M,25M
bbc.com,foxnews.com,2024-02-12 09:36:32.905480,bbc.com,News and Media100%,481M,481M
foxnews.com,drudgereport.com,2024-02-12 09:37:09.424515,foxnews.com,News and Media100%,294M,294M
drudgereport.com,hotair.com,2024-02-12 09:37:11.155065,drudgereport.com,News and Media100%,46M,46M
drudgereport.com,realclearpolitics.com,2024-02-12 09:37:11.155065,drudgereport.com,News and Media100%,46M,46M
drudgereport.com,newsmax.com,2024-02-12 09:37:11.155065,drudgereport.com,News and Media100%,46M,46M
drudgereport.com,nationalreview.com,2024-02-12 09:37:11.155065,drudgereport.com,News and Media100%,46M,46M
drudgereport.com,breitbart.com,2024-02-12 09:37:11.155065,drudgereport.com,News and Media100%,46M,46M
drudgereport.com,dailycaller.com,2024-02-12 09:37:11.155065,drudgereport.com,News and Media100%,46M,46M
drudgereport.com,townhall.com,2024-02-12 09:37:11.155065,drudgereport.com,News and Media100%,46M,46M
sentinelandenterprise.com,bostonherald.com,2024-02-12 09:35:08.969847,sentinelandenterprise.com,News and Media100%,"96,983","96,983"
sentinelandenterprise.com,gazettenet.com,2024-02-12 09:35:08.969847,sentinelandenterprise.com,News and Media100%,"96,983","96,983"
gazettenet.com,huffpost.com,2024-02-12 09:37:14.241933,gazettenet.com,News and Media100%,261K,261K
huffpost.com,thehill.com,2024-02-12 09:37:15.856709,huffpost.com,News and Media100%,54M,54M
thehill.com,nationalreview.com,2024-02-12 09:37:17.701651,thehill.com,News and Media100%,49M,49M
thehill.com,newsweek.com,2024-02-12 09:37:17.701651,thehill.com,News and Media100%,49M,49M
thehill.com,washingtonexaminer.com,2024-02-12 09:37:17.701651,thehill.com,News and Media100%,49M,49M
thehill.com,realclearpolitics.com,2024-02-12 09:37:17.701651,thehill.com,News and Media100%,49M,49M
huffpost.com,dailykos.com,2024-02-12 09:37:15.856709,huffpost.com,News and Media100%,54M,54M
dailykos.com,balloon-juice.com,2024-02-12 09:37:19.338438,dailykos.com,News and Media100%,13M,13M
dailykos.com,crooksandliars.com,2024-02-12 09:37:19.338438,dailykos.com,News and Media100%,13M,13M
dailykos.com,alternet.org,2024-02-12 09:37:19.338438,dailykos.com,News and Media100%,13M,13M
dailykos.com,motherjones.com,2024-02-12 09:37:19.338438,dailykos.com,News and Media100%,13M,13M
dailykos.com,rawstory.com,2024-02-12 09:37:19.338438,dailykos.com,News and Media100%,13M,13M
dailykos.com,wonkette.com,2024-02-12 09:37:19.338438,dailykos.com,News and Media100%,13M,13M
gazettenet.com,recorder.com,2024-02-12 09:37:14.241933,gazettenet.com,News and Media100%,261K,261K
recorder.com,westernmassnews.com,2024-02-12 09:37:20.878320,recorder.com,News and Media100%,152K,152K
westernmassnews.com,people.com,2024-02-12 09:37:22.615990,westernmassnews.com,News and Media100%,862K,862K
westernmassnews.com,thewesterlysun.com,2024-02-12 09:37:22.615990,westernmassnews.com,News and Media100%,862K,862K
westernmassnews.com,govexec.com,2024-02-12 09:37:22.615990,westernmassnews.com,News and Media100%,862K,862K
gazettenet.com,westernmassnews.com,2024-02-12 09:37:14.241933,gazettenet.com,News and Media100%,261K,261K
westernmassnews.com,people.com,2024-02-12 09:37:24.357349,westernmassnews.com,News and Media100%,862K,862K
people.com,hellomagazine.com,2024-02-12 09:37:26.169184,people.com,News and Media100%,202M,202M
people.com,latimes.com,2024-02-12 09:37:26.169184,people.com,News and Media100%,202M,202M
people.com,usmagazine.com,2024-02-12 09:37:26.169184,people.com,News and Media100%,202M,202M
westernmassnews.com,thewesterlysun.com,2024-02-12 09:37:24.357349,westernmassnews.com,News and Media100%,862K,862K
thewesterlysun.com,providencejournal.com,2024-02-12 09:37:27.841355,thewesterlysun.com,News and Media100%,"96,405","96,405"
thewesterlysun.com,theday.com,2024-02-12 09:37:27.841355,thewesterlysun.com,News and Media100%,"96,405","96,405"
thewesterlysun.com,golocalprov.com,2024-02-12 09:37:27.841355,thewesterlysun.com,News and Media100%,"96,405","96,405"
thewesterlysun.com,govexec.com,2024-02-12 09:37:27.841355,thewesterlysun.com,News and Media100%,"96,405","96,405"
westernmassnews.com,govexec.com,2024-02-12 09:37:24.357349,westernmassnews.com,News and Media100%,862K,862K
govexec.com,nextgov.com,2024-02-12 09:37:29.580790,govexec.com,News and Media100%,974K,974K
govexec.com,vox.com,2024-02-12 09:37:29.580790,govexec.com,News and Media100%,974K,974K
govexec.com,latimes.com,2024-02-12 09:37:29.580790,govexec.com,News and Media100%,974K,974K
govexec.com,time.com,2024-02-12 09:37:29.580790,govexec.com,News and Media100%,974K,974K
govexec.com,defenseone.com,2024-02-12 09:37:29.580790,govexec.com,News and Media100%,974K,974K
sentinelandenterprise.com,milforddailynews.com,2024-02-12 09:35:08.969847,sentinelandenterprise.com,News and Media100%,"96,983","96,983"
milforddailynews.com,heraldnews.com,2024-02-12 09:37:31.113267,milforddailynews.com,News and Media100%,"96,358","96,358"
heraldnews.com,thesunchronicle.com,2024-02-12 09:37:33.031544,heraldnews.com,News and Media100%,365K,365K
thesunchronicle.com,southcoasttoday.com,2024-02-12 09:37:34.699306,thesunchronicle.com,News and Media100%,370K,370K
thesunchronicle.com,providencejournal.com,2024-02-12 09:37:34.699306,thesunchronicle.com,News and Media100%,370K,370K
heraldnews.com,fallriverreporter.com,2024-02-12 09:37:33.031544,heraldnews.com,News and Media100%,365K,365K
fallriverreporter.com,abc6.com,2024-02-12 09:37:36.302958,fallriverreporter.com,News and Media100%,266K,266K
fallriverreporter.com,newstalkkgvo.com,2024-02-12 09:37:36.302958,fallriverreporter.com,News and Media100%,266K,266K
fallriverreporter.com,southernminnesotanews.com,2024-02-12 09:37:36.302958,fallriverreporter.com,News and Media100%,266K,266K
heraldnews.com,southcoasttoday.com,2024-02-12 09:37:33.031544,heraldnews.com,News and Media100%,365K,365K
southcoasttoday.com,wbsm.com,2024-02-12 09:37:37.797838,southcoasttoday.com,News and Media100%,405K,405K
heraldnews.com,eastbayri.com,2024-02-12 09:37:33.031544,heraldnews.com,News and Media100%,365K,365K
eastbayri.com,abc6.com,2024-02-12 09:37:39.472889,eastbayri.com,News and Media100%,100K,100K
eastbayri.com,theday.com,2024-02-12 09:37:39.472889,eastbayri.com,News and Media100%,100K,100K
eastbayri.com,providencejournal.com,2024-02-12 09:37:39.472889,eastbayri.com,News and Media100%,100K,100K
heraldnews.com,universalhub.com,2024-02-12 09:37:33.031544,heraldnews.com,News and Media100%,365K,365K
heraldnews.com,patriotledger.com,2024-02-12 09:37:33.031544,heraldnews.com,News and Media100%,365K,365K
milforddailynews.com,patriotledger.com,2024-02-12 09:37:31.113267,milforddailynews.com,News and Media100%,"96,358","96,358"
sentinelandenterprise.com,heraldnews.com,2024-02-12 09:35:08.969847,sentinelandenterprise.com,News and Media100%,"96,983","96,983"
heraldnews.com,universalhub.com,2024-02-12 09:37:46.132606,heraldnews.com,News and Media100%,365K,365K
heraldnews.com,patriotledger.com,2024-02-12 09:37:46.132606,heraldnews.com,News and Media100%,365K,365K
sentinelandenterprise.com,wcvb.com,2024-02-12 09:35:08.969847,sentinelandenterprise.com,News and Media100%,"96,983","96,983"
sentinelandenterprise.com,gloucestertimes.com,2024-02-12 09:35:08.969847,sentinelandenterprise.com,News and Media100%,"96,983","96,983"
sentinelandenterprise.com,berkshireeagle.com,2024-02-12 09:35:08.969847,sentinelandenterprise.com,News and Media100%,"96,983","96,983"
telegram.com,lowellsun.com,2024-02-12 09:35:07.454239,telegram.com,News and Media100%,1M,1M
telegram.com,nbcboston.com,2024-02-12 09:35:07.454239,telegram.com,News and Media100%,1M,1M
nbcboston.com,universalhub.com,2024-02-12 09:37:58.685379,nbcboston.com,News and Media100%,2M,2M
nbcboston.com,patriotledger.com,2024-02-12 09:37:58.685379,nbcboston.com,News and Media100%,2M,2M
telegram.com,bostonherald.com,2024-02-12 09:35:07.454239,telegram.com,News and Media100%,1M,1M
telegram.com,boston25news.com,2024-02-12 09:35:07.454239,telegram.com,News and Media100%,1M,1M
boston25news.com,capecodtimes.com,2024-02-12 09:38:05.417920,boston25news.com,News and Media100%,3M,3M
capecodtimes.com,hyannisnews.com,2024-02-12 09:38:07.057709,capecodtimes.com,News and Media100%,684K,684K
hyannisnews.com,capecod.com,2024-02-12 09:38:08.901871,hyannisnews.com,News and Media95%,"96,206","96,206"
capecod.com,tripadvisor.com,2024-02-12 09:38:10.643287,capecod.com,Travel and Tourism80%,206K,206K
capecod.com,capecodchamber.org,2024-02-12 09:38:10.643287,capecod.com,Travel and Tourism80%,206K,206K
capecod.com,worldbeachguide.com,2024-02-12 09:38:10.643287,capecod.com,Travel and Tourism80%,206K,206K
capecod.com,contexttravel.com,2024-02-12 09:38:10.643287,capecod.com,Travel and Tourism80%,206K,206K
capecod.com,masslive.com,2024-02-12 09:38:10.643287,capecod.com,Travel and Tourism80%,206K,206K
capecod.com,nps.gov,2024-02-12 09:38:10.643287,capecod.com,Travel and Tourism80%,206K,206K
capecod.com,visittheusa.com,2024-02-12 09:38:10.643287,capecod.com,Travel and Tourism80%,206K,206K
capecod.com,newenglandwanderlust.com,2024-02-12 09:38:10.643287,capecod.com,Travel and Tourism80%,206K,206K
capecod.com,theswimguide.org,2024-02-12 09:38:10.643287,capecod.com,Travel and Tourism80%,206K,206K
hyannisnews.com,capenews.net,2024-02-12 09:38:08.901871,hyannisnews.com,News and Media95%,"96,206","96,206"
capenews.net,capeandislands.org,2024-02-12 09:38:12.281732,capenews.net,News and Media100%,172K,172K
hyannisnews.com,capeandislands.org,2024-02-12 09:38:08.901871,hyannisnews.com,News and Media95%,"96,206","96,206"
capeandislands.org,sfreporter.com,2024-02-12 09:38:13.980909,capeandislands.org,News and Media100%,"33,838","33,838"
capeandislands.org,westerntelegraph.co.uk,2024-02-12 09:38:13.980909,capeandislands.org,News and Media100%,"33,838","33,838"
capeandislands.org,kyuk.org,2024-02-12 09:38:13.980909,capeandislands.org,News and Media100%,"33,838","33,838"
capeandislands.org,mvtimes.com,2024-02-12 09:38:13.980909,capeandislands.org,News and Media100%,"33,838","33,838"
hyannisnews.com,ack.net,2024-02-12 09:38:08.901871,hyannisnews.com,News and Media95%,"96,206","96,206"
ack.net,palmbeachdailynews.com,2024-02-12 09:38:15.457757,ack.net,News and Media100%,"51,902","51,902"
ack.net,universalhub.com,2024-02-12 09:38:15.457757,ack.net,News and Media100%,"51,902","51,902"
ack.net,charlestoncitypaper.com,2024-02-12 09:38:15.457757,ack.net,News and Media100%,"51,902","51,902"
ack.net,jamaica-gleaner.com,2024-02-12 09:38:15.457757,ack.net,News and Media100%,"51,902","51,902"
ack.net,patriotledger.com,2024-02-12 09:38:15.457757,ack.net,News and Media100%,"51,902","51,902"
hyannisnews.com,newbedfordguide.com,2024-02-12 09:38:08.901871,hyannisnews.com,News and Media95%,"96,206","96,206"
newbedfordguide.com,capcity.news,2024-02-12 09:38:16.983729,newbedfordguide.com,News and Media100%,"79,407","79,407"
newbedfordguide.com,vallejosun.com,2024-02-12 09:38:16.983729,newbedfordguide.com,News and Media100%,"79,407","79,407"
newbedfordguide.com,newstalkkgvo.com,2024-02-12 09:38:16.983729,newbedfordguide.com,News and Media100%,"79,407","79,407"
newbedfordguide.com,southernminnesotanews.com,2024-02-12 09:38:16.983729,newbedfordguide.com,News and Media100%,"79,407","79,407"
newbedfordguide.com,westportjournal.com,2024-02-12 09:38:16.983729,newbedfordguide.com,News and Media100%,"79,407","79,407"
newbedfordguide.com,newbedfordlight.org,2024-02-12 09:38:16.983729,newbedfordguide.com,News and Media100%,"79,407","79,407"
newbedfordguide.com,vvng.com,2024-02-12 09:38:16.983729,newbedfordguide.com,News and Media100%,"79,407","79,407"
hyannisnews.com,roi-nj.com,2024-02-12 09:38:08.901871,hyannisnews.com,News and Media95%,"96,206","96,206"
roi-nj.com,tapinto.net,2024-02-12 09:38:18.727029,roi-nj.com,News and Media100%,"96,208","96,208"
roi-nj.com,nj.com,2024-02-12 09:38:18.727029,roi-nj.com,News and Media100%,"96,208","96,208"
roi-nj.com,njbiz.com,2024-02-12 09:38:18.727029,roi-nj.com,News and Media100%,"96,208","96,208"
roi-nj.com,forbes.com,2024-02-12 09:38:18.727029,roi-nj.com,News and Media100%,"96,208","96,208"
roi-nj.com,northjersey.com,2024-02-12 09:38:18.727029,roi-nj.com,News and Media100%,"96,208","96,208"
roi-nj.com,patch.com,2024-02-12 09:38:18.727029,roi-nj.com,News and Media100%,"96,208","96,208"
roi-nj.com,cnbc.com,2024-02-12 09:38:18.727029,roi-nj.com,News and Media100%,"96,208","96,208"
hyannisnews.com,provincetownindependent.org,2024-02-12 09:38:08.901871,hyannisnews.com,News and Media95%,"96,206","96,206"
provincetownindependent.org,ocearch.org,2024-02-12 09:38:20.331580,provincetownindependent.org,News and Media100%,"86,286","86,286"
provincetownindependent.org,themainewire.com,2024-02-12 09:38:20.331580,provincetownindependent.org,News and Media100%,"86,286","86,286"
provincetownindependent.org,epgn.com,2024-02-12 09:38:20.331580,provincetownindependent.org,News and Media100%,"86,286","86,286"
provincetownindependent.org,t2conline.com,2024-02-12 09:38:20.331580,provincetownindependent.org,News and Media100%,"86,286","86,286"
provincetownindependent.org,streets.mn,2024-02-12 09:38:20.331580,provincetownindependent.org,News and Media100%,"86,286","86,286"
capecodtimes.com,capenews.net,2024-02-12 09:38:07.057709,capecodtimes.com,News and Media100%,684K,684K
boston25news.com,patriotledger.com,2024-02-12 09:38:05.417920,boston25news.com,News and Media100%,3M,3M
telegram.com,wbjournal.com,2024-02-12 09:35:07.454239,telegram.com,News and Media100%,1M,1M
wbjournal.com,bizjournals.com,2024-02-12 09:38:25.695156,wbjournal.com,News and Media100%,132K,132K
bizjournals.com,businessinsider.com,2024-02-12 09:38:27.436098,bizjournals.com,News and Media100%,11M,11M
businessinsider.com,forbes.com,2024-02-12 09:38:29.176888,businessinsider.com,News and Media100%,107M,107M
forbes.com,time.com,2024-02-12 09:38:30.815159,forbes.com,News and Media100%,138M,138M
forbes.com,cnbc.com,2024-02-12 09:38:30.815159,forbes.com,News and Media100%,138M,138M
forbes.com,bloomberg.com,2024-02-12 09:38:30.815159,forbes.com,News and Media100%,138M,138M
forbes.com,usnews.com,2024-02-12 09:38:30.815159,forbes.com,News and Media100%,138M,138M
businessinsider.com,bloomberg.com,2024-02-12 09:38:29.176888,businessinsider.com,News and Media100%,107M,107M
bloomberg.com,time.com,2024-02-12 09:38:32.453856,bloomberg.com,News and Media100%,57M,57M
bloomberg.com,economist.com,2024-02-12 09:38:32.453856,bloomberg.com,News and Media100%,57M,57M
bloomberg.com,cnbc.com,2024-02-12 09:38:32.453856,bloomberg.com,News and Media100%,57M,57M
businessinsider.com,cnbc.com,2024-02-12 09:38:29.176888,businessinsider.com,News and Media100%,107M,107M
bizjournals.com,forbes.com,2024-02-12 09:38:27.436098,bizjournals.com,News and Media100%,11M,11M
forbes.com,time.com,2024-02-12 09:38:35.899062,forbes.com,News and Media100%,138M,138M
time.com,latimes.com,2024-02-12 09:38:37.473372,time.com,News and Media100%,28M,28M
time.com,newsweek.com,2024-02-12 09:38:37.473372,time.com,News and Media100%,28M,28M
time.com,newyorker.com,2024-02-12 09:38:37.473372,time.com,News and Media100%,28M,28M
forbes.com,cnbc.com,2024-02-12 09:38:35.899062,forbes.com,News and Media100%,138M,138M
forbes.com,usnews.com,2024-02-12 09:38:35.899062,forbes.com,News and Media100%,138M,138M
usnews.com,cnbc.com,2024-02-12 09:38:40.746263,usnews.com,News and Media100%,52M,52M
bizjournals.com,bloomberg.com,2024-02-12 09:38:27.436098,bizjournals.com,News and Media100%,11M,11M
bloomberg.com,economist.com,2024-02-12 09:38:42.590970,bloomberg.com,News and Media100%,57M,57M
economist.com,foreignpolicy.com,2024-02-12 09:38:44.434503,economist.com,News and Media100%,14M,14M
bloomberg.com,cnbc.com,2024-02-12 09:38:42.590970,bloomberg.com,News and Media100%,57M,57M
bizjournals.com,axios.com,2024-02-12 09:38:27.436098,bizjournals.com,News and Media100%,11M,11M
axios.com,cnbc.com,2024-02-12 09:38:47.505703,axios.com,News and Media100%,32M,32M
bizjournals.com,industryweek.com,2024-02-12 09:38:27.436098,bizjournals.com,News and Media100%,11M,11M
industryweek.com,fastcompany.com,2024-02-12 09:38:50.877842,industryweek.com,News and Media100%,123K,123K
fastcompany.com,technologyreview.com,2024-02-12 09:38:52.572034,fastcompany.com,News and Media100%,7M,7M
fastcompany.com,theverge.com,2024-02-12 09:38:52.572034,fastcompany.com,News and Media100%,7M,7M
bizjournals.com,cnbc.com,2024-02-12 09:38:27.436098,bizjournals.com,News and Media100%,11M,11M
wbjournal.com,forbes.com,2024-02-12 09:38:25.695156,wbjournal.com,News and Media100%,132K,132K
forbes.com,cnbc.com,2024-02-12 09:38:55.799379,forbes.com,News and Media100%,138M,138M
wbjournal.com,cnbc.com,2024-02-12 09:38:25.695156,wbjournal.com,News and Media100%,132K,132K
wbjournal.com,worcestermag.com,2024-02-12 09:38:25.695156,wbjournal.com,News and Media100%,132K,132K
worcestermag.com,patch.com,2024-02-12 09:39:00.769173,worcestermag.com,News and Media100%,"48,052","48,052"
patch.com,chicagotribune.com,2024-02-12 09:39:02.451800,patch.com,News and Media100%,33M,33M
chicagotribune.com,dailyherald.com,2024-02-12 09:39:04.168168,chicagotribune.com,News and Media100%,11M,11M
chicagotribune.com,chicagobusiness.com,2024-02-12 09:39:04.168168,chicagotribune.com,News and Media100%,11M,11M
chicagotribune.com,nbcchicago.com,2024-02-12 09:39:04.168168,chicagotribune.com,News and Media100%,11M,11M
chicagotribune.com,latimes.com,2024-02-12 09:39:04.168168,chicagotribune.com,News and Media100%,11M,11M
chicagotribune.com,abc7chicago.com,2024-02-12 09:39:04.168168,chicagotribune.com,News and Media100%,11M,11M
chicagotribune.com,fox32chicago.com,2024-02-12 09:39:04.168168,chicagotribune.com,News and Media100%,11M,11M
patch.com,nj.com,2024-02-12 09:39:02.451800,patch.com,News and Media100%,33M,33M
nj.com,tapinto.net,2024-02-12 09:39:05.846685,nj.com,News and Media100%,24M,24M
nj.com,dailyrecord.com,2024-02-12 09:39:05.846685,nj.com,News and Media100%,24M,24M
nj.com,app.com,2024-02-12 09:39:05.846685,nj.com,News and Media100%,24M,24M
nj.com,dailyvoice.com,2024-02-12 09:39:05.846685,nj.com,News and Media100%,24M,24M
nj.com,mycentraljersey.com,2024-02-12 09:39:05.846685,nj.com,News and Media100%,24M,24M
nj.com,northjersey.com,2024-02-12 09:39:05.846685,nj.com,News and Media100%,24M,24M
patch.com,dailyvoice.com,2024-02-12 09:39:02.451800,patch.com,News and Media100%,33M,33M
dailyvoice.com,newsday.com,2024-02-12 09:39:07.654567,dailyvoice.com,News and Media100%,6M,6M
dailyvoice.com,tapinto.net,2024-02-12 09:39:07.654567,dailyvoice.com,News and Media100%,6M,6M
dailyvoice.com,nbcnewyork.com,2024-02-12 09:39:07.654567,dailyvoice.com,News and Media100%,6M,6M
dailyvoice.com,northjersey.com,2024-02-12 09:39:07.654567,dailyvoice.com,News and Media100%,6M,6M
dailyvoice.com,hudsonvalleypost.com,2024-02-12 09:39:07.654567,dailyvoice.com,News and Media100%,6M,6M
dailyvoice.com,midhudsonnews.com,2024-02-12 09:39:07.654567,dailyvoice.com,News and Media100%,6M,6M
dailyvoice.com,6abc.com,2024-02-12 09:39:07.654567,dailyvoice.com,News and Media100%,6M,6M
dailyvoice.com,lohud.com,2024-02-12 09:39:07.654567,dailyvoice.com,News and Media100%,6M,6M
worcestermag.com,thisweekinworcester.com,2024-02-12 09:39:00.769173,worcestermag.com,News and Media100%,"48,052","48,052"
thisweekinworcester.com,goldrushcam.com,2024-02-12 09:39:09.422346,thisweekinworcester.com,News and Media100%,"41,008","41,008"
goldrushcam.com,recordcourier.com,2024-02-12 09:39:11.671713,goldrushcam.com,News and Media100%,174K,174K
goldrushcam.com,gvwire.com,2024-02-12 09:39:11.671713,goldrushcam.com,News and Media100%,174K,174K
goldrushcam.com,mymotherlode.com,2024-02-12 09:39:11.671713,goldrushcam.com,News and Media100%,174K,174K
goldrushcam.com,kmph.com,2024-02-12 09:39:11.671713,goldrushcam.com,News and Media100%,174K,174K
goldrushcam.com,fresnobee.com,2024-02-12 09:39:11.671713,goldrushcam.com,News and Media100%,174K,174K
goldrushcam.com,uniondemocrat.com,2024-02-12 09:39:11.671713,goldrushcam.com,News and Media100%,174K,174K
thisweekinworcester.com,magicvalley.com,2024-02-12 09:39:09.422346,thisweekinworcester.com,News and Media100%,"41,008","41,008"
magicvalley.com,cdapress.com,2024-02-12 09:39:13.152660,magicvalley.com,News and Media100%,148K,148K
magicvalley.com,idahostatejournal.com,2024-02-12 09:39:13.152660,magicvalley.com,News and Media100%,148K,148K
magicvalley.com,idahostatesman.com,2024-02-12 09:39:13.152660,magicvalley.com,News and Media100%,148K,148K
magicvalley.com,mtexpress.com,2024-02-12 09:39:13.152660,magicvalley.com,News and Media100%,148K,148K
magicvalley.com,idahopress.com,2024-02-12 09:39:13.152660,magicvalley.com,News and Media100%,148K,148K
magicvalley.com,lmtribune.com,2024-02-12 09:39:13.152660,magicvalley.com,News and Media100%,148K,148K
magicvalley.com,postregister.com,2024-02-12 09:39:13.152660,magicvalley.com,News and Media100%,148K,148K
thisweekinworcester.com,kttn.com,2024-02-12 09:39:09.422346,thisweekinworcester.com,News and Media100%,"41,008","41,008"
kttn.com,kgab.com,2024-02-12 09:39:14.645573,kttn.com,News and Media100%,"75,808","75,808"
kttn.com,fourstateshomepage.com,2024-02-12 09:39:14.645573,kttn.com,News and Media100%,"75,808","75,808"
kttn.com,rrobserver.com,2024-02-12 09:39:14.645573,kttn.com,News and Media100%,"75,808","75,808"
kttn.com,inmaricopa.com,2024-02-12 09:39:14.645573,kttn.com,News and Media100%,"75,808","75,808"
kttn.com,wkdzradio.com,2024-02-12 09:39:14.645573,kttn.com,News and Media100%,"75,808","75,808"
kttn.com,iomtoday.co.im,2024-02-12 09:39:14.645573,kttn.com,News and Media100%,"75,808","75,808"
kttn.com,northwestmoinfo.com,2024-02-12 09:39:14.645573,kttn.com,News and Media100%,"75,808","75,808"
kttn.com,ironmountaindailynews.com,2024-02-12 09:39:14.645573,kttn.com,News and Media100%,"75,808","75,808"
thisweekinworcester.com,rrobserver.com,2024-02-12 09:39:09.422346,thisweekinworcester.com,News and Media100%,"41,008","41,008"
rrobserver.com,abqjournal.com,2024-02-12 09:39:16.355906,rrobserver.com,News and Media100%,"27,831","27,831"
rrobserver.com,inmaricopa.com,2024-02-12 09:39:16.355906,rrobserver.com,News and Media100%,"27,831","27,831"
rrobserver.com,madisoncourier.com,2024-02-12 09:39:16.355906,rrobserver.com,News and Media100%,"27,831","27,831"
rrobserver.com,post-journal.com,2024-02-12 09:39:16.355906,rrobserver.com,News and Media100%,"27,831","27,831"
rrobserver.com,wkdzradio.com,2024-02-12 09:39:16.355906,rrobserver.com,News and Media100%,"27,831","27,831"
rrobserver.com,wnbf.com,2024-02-12 09:39:16.355906,rrobserver.com,News and Media100%,"27,831","27,831"
rrobserver.com,tribtoday.com,2024-02-12 09:39:16.355906,rrobserver.com,News and Media100%,"27,831","27,831"
rrobserver.com,tribdem.com,2024-02-12 09:39:16.355906,rrobserver.com,News and Media100%,"27,831","27,831"
thisweekinworcester.com,inmaricopa.com,2024-02-12 09:39:09.422346,thisweekinworcester.com,News and Media100%,"41,008","41,008"
inmaricopa.com,kgab.com,2024-02-12 09:39:17.824510,inmaricopa.com,News and Media100%,"85,666","85,666"
inmaricopa.com,abc7amarillo.com,2024-02-12 09:39:17.824510,inmaricopa.com,News and Media100%,"85,666","85,666"
inmaricopa.com,wkdzradio.com,2024-02-12 09:39:17.824510,inmaricopa.com,News and Media100%,"85,666","85,666"
inmaricopa.com,magnoliareporter.com,2024-02-12 09:39:17.824510,inmaricopa.com,News and Media100%,"85,666","85,666"
inmaricopa.com,ironmountaindailynews.com,2024-02-12 09:39:17.824510,inmaricopa.com,News and Media100%,"85,666","85,666"
thisweekinworcester.com,durhamradionews.com,2024-02-12 09:39:09.422346,thisweekinworcester.com,News and Media100%,"41,008","41,008"
durhamradionews.com,torontosun.com,2024-02-12 09:39:19.636255,durhamradionews.com,News and Media100%,247K,247K
durhamradionews.com,thestar.com,2024-02-12 09:39:19.636255,durhamradionews.com,News and Media100%,247K,247K
durhamradionews.com,theglobeandmail.com,2024-02-12 09:39:19.636255,durhamradionews.com,News and Media100%,247K,247K
durhamradionews.com,cp24.com,2024-02-12 09:39:19.636255,durhamradionews.com,News and Media100%,247K,247K
durhamradionews.com,insauga.com,2024-02-12 09:39:19.636255,durhamradionews.com,News and Media100%,247K,247K
durhamradionews.com,durhamregion.com,2024-02-12 09:39:19.636255,durhamradionews.com,News and Media100%,247K,247K
durhamradionews.com,globalnews.ca,2024-02-12 09:39:19.636255,durhamradionews.com,News and Media100%,247K,247K
durhamradionews.com,ctvnews.ca,2024-02-12 09:39:19.636255,durhamradionews.com,News and Media100%,247K,247K
thisweekinworcester.com,wkdzradio.com,2024-02-12 09:39:09.422346,thisweekinworcester.com,News and Media100%,"41,008","41,008"
wkdzradio.com,wbko.com,2024-02-12 09:39:21.136206,wkdzradio.com,News and Media100%,233K,233K
wkdzradio.com,kgab.com,2024-02-12 09:39:21.136206,wkdzradio.com,News and Media100%,233K,233K
wkdzradio.com,wnky.com,2024-02-12 09:39:21.136206,wkdzradio.com,News and Media100%,233K,233K
wkdzradio.com,bucyrustelegraphforum.com,2024-02-12 09:39:21.136206,wkdzradio.com,News and Media100%,233K,233K
wkdzradio.com,wvva.com,2024-02-12 09:39:21.136206,wkdzradio.com,News and Media100%,233K,233K
wkdzradio.com,dailyrecordnews.com,2024-02-12 09:39:21.136206,wkdzradio.com,News and Media100%,233K,233K
wkdzradio.com,ironmountaindailynews.com,2024-02-12 09:39:21.136206,wkdzradio.com,News and Media100%,233K,233K
wkdzradio.com,wpsdlocal6.com,2024-02-12 09:39:21.136206,wkdzradio.com,News and Media100%,233K,233K
thisweekinworcester.com,ironmountaindailynews.com,2024-02-12 09:39:09.422346,thisweekinworcester.com,News and Media100%,"41,008","41,008"
ironmountaindailynews.com,dailypress.net,2024-02-12 09:39:22.684444,ironmountaindailynews.com,News and Media100%,"81,053","81,053"
ironmountaindailynews.com,mininggazette.com,2024-02-12 09:39:22.684444,ironmountaindailynews.com,News and Media100%,"81,053","81,053"
ironmountaindailynews.com,thetimesherald.com,2024-02-12 09:39:22.684444,ironmountaindailynews.com,News and Media100%,"81,053","81,053"
ironmountaindailynews.com,uppermichiganssource.com,2024-02-12 09:39:22.684444,ironmountaindailynews.com,News and Media100%,"81,053","81,053"
ironmountaindailynews.com,winonadailynews.com,2024-02-12 09:39:22.684444,ironmountaindailynews.com,News and Media100%,"81,053","81,053"
ironmountaindailynews.com,miningjournal.net,2024-02-12 09:39:22.684444,ironmountaindailynews.com,News and Media100%,"81,053","81,053"
worcestermag.com,communityadvocate.com,2024-02-12 09:39:00.769173,worcestermag.com,News and Media100%,"48,052","48,052"
worcestermag.com,mvtimes.com,2024-02-12 09:39:00.769173,worcestermag.com,News and Media100%,"48,052","48,052"
mvtimes.com,vineyardgazette.com,2024-02-12 09:39:26.101868,mvtimes.com,News and Media100%,372K,372K
vineyardgazette.com,cambridgeday.com,2024-02-12 09:39:27.753283,vineyardgazette.com,News and Media100%,241K,241K
vineyardgazette.com,06880danwoog.com,2024-02-12 09:39:27.753283,vineyardgazette.com,News and Media100%,241K,241K
vineyardgazette.com,whatsupnewp.com,2024-02-12 09:39:27.753283,vineyardgazette.com,News and Media100%,241K,241K
vineyardgazette.com,newbedfordlight.org,2024-02-12 09:39:27.753283,vineyardgazette.com,News and Media100%,241K,241K
telegram.com,wcvb.com,2024-02-12 09:35:07.454239,telegram.com,News and Media100%,1M,1M
telegram.com,metrowestdailynews.com,2024-02-12 09:35:07.454239,telegram.com,News and Media100%,1M,1M
metrowestdailynews.com,patriotledger.com,2024-02-12 09:39:31.125565,metrowestdailynews.com,News and Media100%,349K,349K
telegram.com,boston.com,2024-02-12 09:35:07.454239,telegram.com,News and Media100%,1M,1M
telegram.com,worcestermag.com,2024-02-12 09:35:07.454239,telegram.com,News and Media100%,1M,1M
worcestermag.com,communityadvocate.com,2024-02-12 09:39:35.940009,worcestermag.com,News and Media100%,"48,052","48,052"
